,SKU,NAME,RRP 
,02010,JOT Folder (blue) – 10 sheets,$18.50
,02110,JOT Folder (green) – 10 sheets,$18.50
,02210,JOT Folder (black) – 10 sheets,$18.50
,02310,JOT Folder (pink) – 10 sheets,$18.50
,08110,Rondofile 20 Display Book,$30.00
,08010,Rondofile 30 Display Book,$35.00
,07010,Rondofile Plus 20 black,$30.00
,80003,Ensemble+ PU Band/Orchestral Folder 36 X 32 cm Covers,$38.00
,80005,Concert Folder,$19.50
,80006,Choral Pro,$41.00
,80008,Binder Pro - for Choir,$43.80
,80014,Choir+ (with base strap),$30.00
,81001,1 Pkt – 10 x Rondofile Refills,$15.50
,81002,1 Pkt – 20 x Rondofile Refills,$28.50
,81004,1 Pkt – 6 x Elastic Cords,$5.00
,90101,Binder 20 - Black + (Incl. 20 Rondofile Refills) ,$35.00
,90110,Binder 20 - Deluxe (Incl. 20 Rondofile Refills) ,$42.00
,90120,Cadenza - concertina folder,$15.00
,90200,US Letter Size : 3-Ring Binder-Deluxe,$42.00
,90310,Finale+  PU Band/Orchestral Folder 33.7 X 275 cm Covers,$33.00
,90311,Fine Large PU Folder 31 X 24 cm Covers,$28.00
,R0001,US Letter Size : Refills - 20 in a pack,$28.80